TYPE,INDICATOR,CREATED
ip,193.142.59.119,07/10/2022 23:50
ip,31.222.238.56,07/10/2022 23:50
hash,493e993d7f583db30a460ff79e4df58b,07/10/2022 23:50
hash,771a4fea6f33eac0771b108e8933703a,07/10/2022 23:50
hostname,tecnojournals.com,07/10/2022 23:50
hostname,semiconductboard.com,07/10/2022 23:50
hostname,cyancow.com,07/10/2022 23:50
hostname,bluedragon.com,07/10/2022 23:50
ip,188.227.106.3,07/10/2022 23:50
hash,e3544f1a9707ec1ce083afe0ae64f2ede38a7d53fc6f98aab917ca049bc63e69,07/10/2022 23:50
hostname,www.thechiropractor.vegas,07/10/2022 23:50
hostname,www.rszkjx-vps-hosting.website,07/10/2022 23:50
hostname,www.learnavstandards.com,07/10/2022 23:50
hostname,www.kasikormbank.com,07/10/2022 23:50
hostname,www.hempzone-cosmetic.com,07/10/2022 23:50
hostname,www.daniela.red,07/10/2022 23:50
hostname,www.collabasia.xyz,07/10/2022 23:50
hostname,www.aqueouso.com,07/10/2022 23:50
hostname,www.anderherzog.info,07/10/2022 23:50
hostname,www.altshiftdel.com,07/10/2022 23:50
hostname,tg8.cllgxx.com,07/10/2022 23:50
hostname,stylesheet.faseaegasdfase.com,07/10/2022 23:50
hostname,source3.boys4dayz.com,07/10/2022 23:50
hostname,ip.sexygame.jp,07/10/2022 23:50
hostname,gp.gamebuy768.com,07/10/2022 23:50
hostname,d.gogamed.com,07/10/2022 23:50
hostname,c.xyzgamec.com,07/10/2022 23:50
hostname,b.xyzgameb.com,07/10/2022 23:50
hostname,b.dxyzgame.com,07/10/2022 23:50
hostname,webdeadshare24.me,07/10/2022 23:50
hostname,vataeagene.xyz,07/10/2022 23:50
hostname,thuocnam.tk,07/10/2022 23:50
hostname,service-domain.xyz,07/10/2022 23:50
hostname,psoeiras.net,07/10/2022 23:50
hostname,online-stock-solutions.com,07/10/2022 23:50
hostname,majul.com,07/10/2022 23:50
hostname,m-onetrading-jp.com,07/10/2022 23:50
hostname,krupskaya.com,07/10/2022 23:50
hostname,jggrmmojcc.com,07/10/2022 23:50
hostname,jangeamele.xyz,07/10/2022 23:50
hostname,jainestaynor.xyz,07/10/2022 23:50
hostname,isns.net,07/10/2022 23:50
hostname,htagzdownload.pw,07/10/2022 23:50
hostname,gonajah.com,07/10/2022 23:50
hostname,glitterandsparkle.net,07/10/2022 23:50
hostname,gianninidesign.com,07/10/2022 23:50
hostname,freshstart-upsolutions.me,07/10/2022 23:50
hostname,eurekabike.com,07/10/2022 23:50
hostname,disandillanne.xyz,07/10/2022 23:50
ip,93.114.128.188,07/10/2022 23:50
ip,77.232.40.51,07/10/2022 23:50
ip,5.206.227.246,07/10/2022 23:50
ip,5.206.227.11,07/10/2022 23:50
ip,45.9.20.104,07/10/2022 23:50
ip,45.129.99.59,07/10/2022 23:50
ip,2.56.56.126,07/10/2022 23:50
ip,193.56.146.64,07/10/2022 23:50
ip,193.150.103.37,07/10/2022 23:50
ip,185.215.113.48,07/10/2022 23:50
ip,185.215.113.29,07/10/2022 23:50
ip,185.215.113.115,07/10/2022 23:50
ip,185.138.164.159,07/10/2022 23:50
hash,93c898e900b2f5b2df2eb45ea60f30735444c4bc40166bf6bb487c4846f525bc,07/10/2022 23:50
hash,92855b88ec5535f833090b28434fd596cb3058af93582df0859b2b57a6a884d2,07/10/2022 23:50
hash,8fa87a4b240ecb2c3b8aa82348e74296d945168a6c805b1f4db3a854232981ce,07/10/2022 23:50
hash,8ef9d91092116117714033f25ca136675794e2e4a34d50ec5f3b7016fb7600d3,07/10/2022 23:50
hash,8ca2148c028fa80f102a0366bb03f8de2ea6572b00c5bdb1842c3fc090bfe306,07/10/2022 23:50
hash,8c5b4b59158b3127968896014323173aeaf2160b5db535eeec8f1468208912f8,07/10/2022 23:50
hash,899863f4905401af16477a1ebbe593b05be6d25329db6c4ef294e872d6356bf8,07/10/2022 23:50
hash,87f8199f30c9bd50654dd432ad94aedced4b2f81d67995a9b62afaee1aa3cbfb,07/10/2022 23:50
hash,d604b3694afb04beb6c691bf7542c515e2ffe6f1,07/10/2022 23:50
hash,b5648735c39a00cd83c7e22757d4b189,07/10/2022 23:50
hash,8feda77ca3c3fa7bd352ac93efe10db631e428ea8079874f3248dbd1f84d05d1,07/10/2022 23:50
hash,8788930d5bf09c258af90bcf3f19f2c41cb4dabd93ef34d3b787cc564a23a9ee,07/10/2022 23:50
hash,db3330c36ae2a51c3df136594c5b9cc83ce5987b,07/10/2022 23:50
hash,8690b6f3b8bf7ab6eb9b84bc0c8876b8bbe3f82a,07/10/2022 23:50
hash,ecaf3d64e88ff44fac42c3ece60d568b,07/10/2022 23:50
hash,88fa74371f0d7f468c34364de7510d33,07/10/2022 23:50
ip,94.140.115.160,07/10/2022 23:50
ip,92.255.57.154,07/10/2022 23:50
ip,193.106.191.253,07/10/2022 23:50
ip,185.215.113.83,07/10/2022 23:50
ip,185.215.113.70,07/10/2022 23:50
hostname,licensechecklive.xyz,07/10/2022 23:50
ip,185.215.113.114,07/10/2022 23:50
ip,136.144.41.201,07/10/2022 23:50
hash,ffee20e0c17936875243ac105258abcf77e70001a0e8adc80aedbc5cfa9a7660,07/10/2022 23:50
hash,f224b56301de1b40dd9929e88dacc5f0519723570c822f8ed5971da3e2b88200,07/10/2022 23:50
hash,9072f90e16a2357f2d7e34713fe7458e65aae6e77eeb2c67177cf87d145eb1a6,07/10/2022 23:50
hash,88ff40bd93793556764e79cbf7606d4448e935ad5ba53eb9ee6849550d4cba7f,07/10/2022 23:50
hash,c8430511d6b6cd1be3844de4fcf6db07fbf2e16e,07/10/2022 23:50
hash,3aab6954361961a5c395fd743cc1bc97ebd13015,07/10/2022 23:50
hash,390833d4e888b8a67c39d1988b880ab2adefa6a1,07/10/2022 23:50
hash,192cefc63caba42ec30f7568e74c98f17ecdf666,07/10/2022 23:50
hash,bcb5ce25375eea94a691f11146f5014e,07/10/2022 23:50
hash,61848c2af23b397079ba837c73351458,07/10/2022 23:50
hash,48f94a392f4f2ebc15bc96411bee50e7,07/10/2022 23:50
hash,18fff68fe353ec8d6016fac7aebf422a,07/10/2022 23:50
hash,95f79fdcfb83a5035a2e3fa8621a653a0022925a9d1cb8729b8956db202fc3d8,07/10/2022 23:50
hash,6be3a52cd5c077794a03f0596d1cbf3aee2635d268b03b476f6a2eaeb87d411c,07/10/2022 23:50
hash,7624a0067c63e6b228a0255c41fa156174a5ac68,07/10/2022 23:50
hash,07a537c308f57cfa2d4d80d916ed1788b8079d1c,07/10/2022 23:50
hash,9bf2480895b33565d02f30d1a07a20ba,07/10/2022 23:50
hash,625449cacdf5d7e4b0fb8b2e98d5a845,07/10/2022 23:50
hostname,windows-upgraded.com,07/10/2022 23:50
hostname,discrodappp.com,07/10/2022 23:50
ip,45.146.166.38,07/10/2022 23:50
hash,c7bcdc6aecd2f7922140af840ac9695b1d1a04124f1b3ab1450062169edd8e48,07/10/2022 23:50
hash,b50b392ccb07ed7a5da6d2f29a870f8e947ee36c43334c46c1a8bb21dac5992c,07/10/2022 23:50
hash,7d5ed583d7efe318fdb397efc51fd0ca7c05fc2e297977efc190a5820b3ee316,07/10/2022 23:50
hash,6b089a4f4fde031164f3467541e0183be91eee21478d1dfe4e95c4a0bb6a6578,07/10/2022 23:50
hash,4293d3f57543a41005be740db7c957d03af1a35c51515585773cedee03708e54,07/10/2022 23:50
hash,d0728a1a3f67e069d0c955c099ab00144d0116a1,07/10/2022 23:50
hash,746d1419c16b8aa6e3eca6d3fa6c3ae36b67f702,07/10/2022 23:50
hash,477982363ed8f5cb145a301f844e75495d5f7d8d,07/10/2022 23:50
hash,14825027a451f15d027bc3c3967f3f70073170eb,07/10/2022 23:50
hash,e1e06982d2df5dfc0601c0c22f04fa5c,07/10/2022 23:50
hash,6dfa84ac778aa418adcb649651d17ccd,07/10/2022 23:50
hash,5a8a76c88fbee181b32d9b7f67af8961,07/10/2022 23:50
hash,132b1d6688a4c858e3bfcbd8a699b01a,07/10/2022 23:50
ip,81.4.105.174,07/10/2022 23:50
hostname,pc.anydesk-go.com,07/10/2022 23:50
hostname,paste.nrecom.net,07/10/2022 23:50
hostname,me.anydesk-pro.com,07/10/2022 23:50
hostname,desklop.telegram-home.com,07/10/2022 23:50
hostname,desklop.pc-whatisapp.com,07/10/2022 23:50
hostname,desklop.anydesk-new.com,07/10/2022 23:50
hostname,userauto.space,07/10/2022 23:50
hostname,jasafodidei.xyz,07/10/2022 23:50
hostname,hssubnsx.xyz,07/10/2022 23:50
hostname,dshdh377dsj.fun,07/10/2022 23:50
hostname,22231jssdszs.fun,07/10/2022 23:50
ip,185.215.113.121,07/10/2022 23:50
hash,fcc49c9be5591f241ffd98db0752cb9e20a97e881969537fba5c513adbd72814,07/10/2022 23:50
hash,f9246be51464e71ff6b37975cd44359e8576f2bf03cb4028e536d7cfde3508fc,07/10/2022 23:50
hash,eef15f6416f756693cbfbfd8650ccb665771b54b4cc31cb09aeea0d13ec640cf,07/10/2022 23:50
hash,c8b42437ffd8cfbbe568013eaaa707c212a2628232c01d809a3cf864fe24afa8,07/10/2022 23:50
hash,bf7b5f72b2055cfc8da01bb48cf5ae8e45e523860e0b23a65b9f14dbdbb7f4ee,07/10/2022 23:50
hash,b06a04969f5856d665a1e837f7aed8b1adfca9e44d06e7d5100b8c3adac4df79,07/10/2022 23:50
hash,aae0553b761e8bb3e58902a46cd98ee68310252734d1f8d9fd3b862aab8ed5c9,07/10/2022 23:50
hash,929a591331bdc1972357059d451a651d575166f676ea51daaeb358aa2a1064b7,07/10/2022 23:50
hash,8d7883edc608a3806bc4ca58637e0d06a83f784da4e1804e9c5f24676a532a7e,07/10/2022 23:50
hash,6abbd89e6ab5e1b63c38a8f78271a97d19bafff4959ea9d5bd5da3b185eb61e6,07/10/2022 23:50
hash,501fe2509581d43288664f0d2825a6a47102cd614f676bf39f0f80ab2fd43f2c,07/10/2022 23:50
hash,4ed7609cbb86ea0b7607b8a002e7f85b316903c3b6801240c9576aae8b3052ff,07/10/2022 23:50
hash,4554dc95f99d6682595812b677fb131a7e7c51a71daf461a57a57a0d903bb3fa,07/10/2022 23:50
hash,428b8552c1eeca0bbd4ae738bd5e18849d4dc6305e1333905ff44cd9106db85d,07/10/2022 23:50
hash,216a733c391337fa303907a15fa55f01c9aeb128365fb6d6d245f7c7ec774100,07/10/2022 23:50
hash,14e7cc2eadc7c9bac1930f37e25303212c8974674b21ed052a483727836a5e43,07/10/2022 23:50
hash,e8676686a42d6d5eb7957439297e288bfe5188b6,07/10/2022 23:50
hash,cfdf141404d8783f2c6181d185b3e1ad107e4169,07/10/2022 23:50
hash,c3582b089d6c7e9e7b53597cea53a18f3d8e1d02,07/10/2022 23:50
hash,aa5c39de77f15a91ed580e7a0f132eb14c970235,07/10/2022 23:50
hash,a295f15f38f8d4e83b5db8f51addae2d2df328dd,07/10/2022 23:50
hash,8fec87a06466239426a6da7aa90eaadb27e1e400,07/10/2022 23:50
hash,3d78c842b16ac7eaf3d9a092f4bda00abf3378e5,07/10/2022 23:50
hash,3c1c0828125b20eb90a91ae2dea846f377c2c578,07/10/2022 23:50
hash,2f4085cb6a0b2dd4422f59894dca5cf881eb8ccf,07/10/2022 23:50
hash,f7205f07677f0a0995cb232e3cbc7f73,07/10/2022 23:50
hash,c249e79b05d3385a50bd0d54881b59bd,07/10/2022 23:50
hash,baacfe8643ec95c12277961dabb411f2,07/10/2022 23:50
hash,b595a580fdfe1308b47cf07805c81c32,07/10/2022 23:50
hash,877a637058b7a7397ce2d329f63238a1,07/10/2022 23:50
hash,7a751896188e39314b88080cd7425543,07/10/2022 23:50
hash,76118b65f29856db2abecd1193d08cf1,07/10/2022 23:50
hash,7332a59679c7732855d11dff20061a76,07/10/2022 23:50
hash,54753ca6879ab9f1d06264147cdf466b,07/10/2022 23:50
hash,355d67437448ef5b5ce78ea43dc0eb17,07/10/2022 23:50
hash,2615bd2173dac44a6ad14702f3c93e67,07/10/2022 23:50
hash,0c79bee7d1787639a4772d6638159a35,07/10/2022 23:50
hash,0adb0e2ac8aa969fb088ee95c4a91536,07/10/2022 23:50
hash,fdeadd54dd29fe51b251242795c83c4defcdade23fdb4b589c05939ae42d6900,07/10/2022 23:50
hash,bf31d8b83e50a7af3e2dc746c74b85d64ce28d7c33b95c09cd46b9caa4d53cad,07/10/2022 23:50
hash,b8ebdc5b1e33b9382433151f62464d3860cf8c8950d2f1a0278ef77679a04d3b,07/10/2022 23:50
hash,af4bf44056fc0b8c538e1e677ed1453d1dd884e78e1d66d1d2b83abb79ff1161,07/10/2022 23:50
hash,891aba61b8fec4005f25d405ddfec4d445213c77fce1e967ba07f13bcbe0dad5,07/10/2022 23:50
hash,73942b1b5a8146090a40fe50a67c7c86c739329506db9ff5adc638ed7bb1654e,07/10/2022 23:50
hash,2af009cdf12e1f84f161a2d4f2b4f97155eb6ec6230265604edbc8b21afb5f1a,07/10/2022 23:50
hash,1b4fcd8497e6003009010a19abaa8981366922be96e93a84e30ca2885476ccd7,07/10/2022 23:50
hash,fe0bdaa10b42a2f3d9bddecf0dddd4ea1bc34a89,07/10/2022 23:50
hash,fc0eb612ebf10a39d0ed0f996d08a92daed3c277,07/10/2022 23:50
hash,f8100e6be9965750a7853df863289b359d966e9c,07/10/2022 23:50
hash,d41bd1cb516ce94177cc77186f368828ca0988b5,07/10/2022 23:50
hash,b39f90cb0023a34ec74a440cfbafab41c0b2a18d,07/10/2022 23:50
hash,9abda2d52bd0720163649c4d08b830e070663b81,07/10/2022 23:50
hash,42799d6bf9179a8ad72573eb580db48bbd0383e2,07/10/2022 23:50
hash,26f8852f4f23fd86b4c47f9083075eabd644a28d,07/10/2022 23:50
hash,f93ad6d45633f2f7e41535ac8db22231,07/10/2022 23:50
hash,d9a9d8d43db9dea9980d731d5af978e3,07/10/2022 23:50
hash,c08d22af7be3f9629c5cc48507b15cc6,07/10/2022 23:50
hash,6cd2cd149294bdb93f2756b654d9a800,07/10/2022 23:50
hash,55025e1d6a6198202048aeef1d7ea79d,07/10/2022 23:50
hash,44f3f936162eaeb4466686ac1a067ecc,07/10/2022 23:50
hash,294ce9a4a5b480efb54628175c3366f8,07/10/2022 23:50
hash,014a1c796947cfa8c1b8903180bc04c6,07/10/2022 23:50
ip,46.8.19.196,07/10/2022 23:50
hostname,weekly.tf,07/10/2022 23:50
hash,cd3f0808ae7fc8aa5554192ed5b0894779bf88a9c56a7c317ddc6a4d7c249e0e,07/10/2022 23:50
hash,c6d48514031cc6e83445b95f9ed4e975f2cdcebc2e9cc1914605058ff7af7764,07/10/2022 23:50
hash,9ac01cc861cfe9e340c66a5cd527ab8a7e3de345b851ebcf07a7ca08eeee2f88,07/10/2022 23:50
hash,38a5b96fd07f03041f6eff913b85fc621fa314e1de87326accb00ee218c37756,07/10/2022 23:50
hash,020fbe48b4da34a90d3422f211aa0338681a7cb9e99292b2b9d738a354ed97de,07/10/2022 23:50
hash,c8f93e66e64343f8fd67d25b111a29b5aa953e49,07/10/2022 23:50
hash,3cd8d8f15029298d8582bf6ccaf81da462ba8b36,07/10/2022 23:50
hash,d81d3c919ed3b1aaa2dc8d5fbe9cf382,07/10/2022 23:50
hash,d6e630749bdd4f16c37ca15886fc6bdc,07/10/2022 23:50
hash,ce70574f6c90835076d9b195e90cd275,07/10/2022 23:50
hash,af90600728c9d3d1270dd4da39a0f9e5,07/10/2022 23:50
hash,10adb0969eb2b385d6bb8ad8e91bb0c4,07/10/2022 23:50
